area,rooms,price
750,2,120000
900,3,145000
1100,3,175000
1250,4,210000
1400,4,240000
1600,5,275000
1800,5,310000
2000,6,350000
2200,6,390000
2500,7,440000
850,2,135000
950,3,160000
1050,3,180000
1300,4,220000
1500,4,255000
1700,5,290000
1900,5,330000
2100,6,370000
2300,6,410000
2600,7,460000
700,2,110000
800,2,125000
1000,3,165000
1150,3,190000
1350,4,230000
1450,4,248000
1550,5,268000
1650,5,282000
1750,5,305000
2050,6,355000
2150,6,380000
2400,7,425000
2700,7,480000
2800,8,510000
3000,8,550000
3200,9,595000
3500,9,640000
3800,10,700000
4000,10,750000
4200,11,810000
